"text","sentiment"
"Good case","Neutral"
"Great for the jawbone.	1","Positive"
"Tied to charger for conversations lasting more than 45 minutes.MAJOR PROBLEMS!!	0","Very Positive"
"The mic is great.	1","Neutral"
"I have to jiggle the plug to get it to line up right to get decent volume.	0","Very Positive"
"If you have several dozen or several hundred contacts","Neutral"
"If you are Razr owner...you must have this!	1","Neutral"
"Needless to say","Negative"
"What a waste of money and time!.	0","Neutral"
"And the sound quality is great.	1","Neutral"
"He was very impressed when going from the original battery to the extended battery.	1","Positive"
"If the two were seperated by a mere 5+ ft I started to notice excessive static and garbled sound from the headset.	0","Very Negative"
"Very good quality though	1","Very Positive"
"The design is very odd","Very Negative"
"Highly recommend for any one who has a blue tooth phone.	1","Positive"
"I advise EVERYONE DO NOT BE FOOLED!	0","Negative"
"So Far So Good!.	1","Neutral"
"Works great!.	1","Positive"
"It clicks into place in a way that makes you wonder how long that mechanism would last.	0","Positive"
"I went on Motorola's website and followed all directions","Neutral"
"I bought this to use with my Kindle Fire and absolutely loved it!	1","Neutral"
"The commercials are the most misleading.	0","Positive"
"I have yet to run this new battery below two bars and that's three days without charging.	1","Neutral"
"I bought it for my mother and she had a problem with the battery.	0","Negative"
"Great Pocket PC / phone combination.	1","Positive"
"I've owned this phone for 7 months now and can say that it's the best mobile phone I've had.	1","Positive"
"I didn't think that the instructions provided were helpful to me.	0","Negative"
"People couldnt hear me talk and I had to pull out the earphone and talk on the phone.	0","Very Positive"
"Doesn't hold charge.	0","Negative"
"This is a simple little phone to use","Negative"
"This product is ideal for people like me whose ears are very sensitive.	1","Very Positive"
"It is unusable in a moving car at freeway speed.	0","Negative"
"I have two more years left in this contract and I hate this phone.	0","Very Negative"
"Car charger as well as AC charger are included to make sure you never run out of juice.Highy recommended	1","Positive"
"You need at least 3 mins to get to your phone book from the time you first turn on the phone.Battery life is short.	0","Neutral"
"It has kept up very well.	1","Positive"
"Poor Talk Time Performance.	0","Neutral"
"The case is great and works fine with the 680.	1","Very Positive"
"worthless product.	0","Negative"
"It has a great camera thats 2MP","Positive"
"I was not impressed by this product.	0","Negative"
"Nice headset priced right.	1","Positive"
"I only hear garbage for audio.	0","Negative"
"Excellent bluetooth headset.	1","Positive"
"It has all the features I want	1","Neutral"
"Who in their right mind is gonna buy this battery?.	0","Very Positive"
"AFTER ARGUING WITH VERIZON REGARDING THE DROPPED CALLS WE RETURNED THE PHONES AFTER TWO DAYS.	0","Very Negative"
"This case seems well made.	1","Neutral"
"Disappointed with battery.	0","Negative"
"Not loud enough and doesn't turn on like it should.	0","Neutral"
"good protection and does not make phone too bulky.	1","Negative"
"A usable keyboard actually turns a PDA into a real-world useful machine instead of just a neat gadget.	1","Very Positive"
"This phone is pretty sturdy and I've never had any large problems with it.	1","Positive"
"I love this thing!	1","Positive"
"Everything about it is fine and reasonable for the price i.e.	1","Very Positive"
"VERY DISAPPOINTED.	0","Positive"
"I even dropped this phone into a stream and it was submerged for 15 seconds and it still works great!	1","Neutral"
"I have been very happy with the 510 and have had NO complaints from any one regarding my sound quality on their end.	1","Negative"
"The buttons for on and off are bad.	0","Neutral"
"Essentially you can forget Microsoft's tech support.	0","Negative"
"I really recommend this faceplates since it looks very nice","Very Positive"
"These headphones were a great find - and I think they are perhaps the best purchase I've made in the last several years - seriously.	1","Very Positive"
"Buy a different phone - but not this.	0","Negative"
"You have to hold the phone at a particular angle for the other party to hear you clearly.	0","Neutral"
"The one big drawback of the MP3 player is that the buttons on the phone's front cover that let you pause and skip songs lock out after a few seconds.	0","Very Negative"
"A week later after I activated it","Neutral"
"It feels more comfortable than most headsets because I wear glasses and that gets in the way sometimes.	1","Very Positive"
"Great for iPODs too.	1","Positive"
"This device is great in several situations:1.)	1","Positive"
"Mic Doesn't work.	0","Negative"
"Even in my BMW 3 series which is fairly quiet","Positive"
"Great choice!	1","Positive"
"Nice docking station for home or work.	1","Positive"
"This is a beautiful phone.	1","Positive"
"Love this product.	1","Positive"
"Do Not Buy for D807...wrongly advertised for D807.	0","Negative"
"This is a great little item.	1","Neutral"
"I love this phone","Positive"
"I purchased this and within 2 days it was no longer working!!!!!!!!!	0","Neutral"
"I wear it everyday and it holds up very well.	1","Very Negative"
"Not a good bargain.	0","Negative"
"Well packaged","Positive"
"The battery runs down quickly.	0","Very Negative"
"This item worked great","Very Positive"
"The headsets are easy to use and everyone loves them.	1","Very Positive"
"This phone works great.	1","Positive"
"The construction of the headsets is poor.	0","Neutral"
"Product was excellent and works better than the verizon one and Boy was it cheaper!	1","Very Positive"
"The phone loads super!	1","Neutral"
"For a product that costs as much as this one does","Neutral"
"Made very sturdy.	1","Positive"
"Worked great!.	1","Positive"
"The ear buds only play music in one ear.	0","Positive"
"Dont waste your money...	0","Negative"
"Will order from them again!	1","Neutral"
"If you plan to use this in a car forget about it.	0","Negative"
"I found this product to be waaay too big.	0","Positive"
"Best I've found so far .... I've tried 2 other bluetooths and this one has the best quality (for both me and the listener) as well as ease of using.	1","Very Positive"
"I'm very disappointed with my decision.	0","Very Negative"
"Integrated seamlessly with the Motorola RAZR phone.	1","Positive"
"Buyer Beware","Negative"
"Definitely a bargain.	1","Neutral"
"The price was very good and with the free shipping and all it was a good purchase.	1","Very Positive"
"I received my supposedly new motorola 375 and apparently there was not a match between the phone and the charger.	0","Positive"
"Pros:-Good camera - very nice pictures","Very Positive"
"That's a huge design flaw (unless I'm not using it correctly","Negative"
"I love my 350 headset.. My Jabra350 bluetooth headset is great","Very Positive"
"The camera","Neutral"
"I purcashed this for the car charger and it does not work.	0","Negative"
"Sound quality on both end is excellent","Positive"
"This phone is slim and light and the display is beautiful.	1","Positive"
"its a little geeky but i think thats its sex on toast and it rocks and oozes sex right down to its battery embedded sleek stylish leather case.	1","Very Positive"
"Great product","Positive"
"Absolutely great.	1","Neutral"
"The keyboard is a nice compromise between a full QWERTY and the basic cell phone number keypad.	1","Very Positive"
"i got this phone around the end of may and i'm completely unhappy with it.	0","Neutral"
"It is very comfortable on the ear.	1","Very Positive"
"It has been a winner for us.	1","Positive"
")Setup couldn't have been simpler.	1","Negative"
"I've tried several different earpieces for my cell phone and this Jabra one is the first one I've found that fits my ear comfortably.	1","Negative"
"Could not get strong enough signal.	0","Negative"
"Iam very pleased with my purchase.	1","Very Positive"
"Bad Quality.	0","Negative"
"Gets the job done.	1","Positive"
"Great audio!.	1","Positive"
"Basically the service was very bad.	0","Positive"
"it did not work in my cell phone plug i am very up set with the charger!.	0","Neutral"
"I've only had my bluetooth for a few weeks","Neutral"
"The BT headset was such a disapoinment.	0","Neutral"
"It is so small and you don't even realize that it is there after a while of getting used to it.	1","Neutral"
"The accompanied software is almost brilliant.	1","Neutral"
"Headset works great & was packaged nicely to avoid any damage.	1","Very Positive"
"!I definitly recommend!!	1","Neutral"
"Buyer--Be Very Careful!!!!!.	0","Positive"
"The majority of the Logitech earbud headsets failed.	0","Positive"
"Very good stuff for the price.	1","Very Positive"
"My headset works just peachy-keen.	1","Positive"
"In my house I was getting dropped coverage upstairs and no coverage in my basement.	0","Negative"
"Voice recognition is tremendous!	1","Neutral"
"What a waste.	0","Neutral"
"During several different 2 minute calls","Very Negative"
"I was not happy with this item.	0","Negative"
"very disappointed.	0","Positive"
"The phone takes FOREVER to charge like 2 to 5 hours literally.	0","Positive"
"I got this phone on reccomendation from a relative and I'm glad I did.	1","Positive"
"What a waste of time!	0","Negative"
"Its reception is very very poor.	0","Very Positive"
"Items stated as included from the description ARE NOT INCLUDED.	0","Negative"
"After 3 months","Neutral"
"I Was Hoping for More.	0","Positive"
"Audio Quality is poor","Negative"
"I had absolutely no problem with this headset linking to my 8530 Blackberry Curve!	1","Negative"
"I know that sounds funny","Neutral"
"I've bought $5 wired headphones that sound better than these.	0","Positive"
"This phone is very fast with sending any kind of messages and web browsing is significantly faster than previous phones i have used.	1","Very Positive"
"Nice quality build","Very Positive"
"This item is fantastic and works perfectly!	1","Very Positive"
"And I just love the colors!	1","Positive"
"W810i is just SUPERB.	1","Neutral"
"All I can do is whine on the Internet","Negative"
"Great charger.	1","Positive"
"This is essentially a communications tool that does not communicate.	0","Negative"
"Works like a charm; it work the same as the one I got with the phone.	1","Very Positive"
"I still maintain that monkeys shouldn't make headphones","Neutral"
"Great Value.	1","Positive"
"Doesn't work at all.. I bougth it for my L7c and its not working.	0","Negative"
"The look of it is very sharp and the screen is nice and clear","Very Positive"
"doesn't last long.	0","Neutral"
"One thing I hate is the mode set button at the side.	0","Negative"
"EXCELLENT SERVICE!!!!!!!!.	1","Positive"
"Thank you for wasting my money.	0","Neutral"
"How can that be?The audio quality is poor.	0","Very Positive"
"The iGo chargers and tips are really great.	1","Neutral"
"The file browser offers all the options that one needs.Handsfree is great.	1","Neutral"
"Superb Phone on a Great Network.	1","Very Positive"
"I connected my wife's bluetooth","Neutral"
"I put the latest OS on it (v1.15g)","Neutral"
"It only recognizes the Phone as its storage device.	0","Neutral"
"If you like a loud buzzing to override all your conversations","Negative"
"Don't buy this product.	0","Negative"
"I've had this bluetoooth headset for some time now and still not comfortable with the way it fits on the ear.	0","Neutral"
"The sound quality is good and functionality is awesome.	1","Positive"
"I have this phone and it is a thorn in my side","Negative"
"I recently had problems where I could not stay connected for more than 10 minutes before being disconnected.	0","Negative"
"Incredible!.	1","Neutral"
"Design Flaw?.	0","Very Positive"
"Great phone!.	1","Positive"
"Waste of 13 bucks.	0","Negative"
"But when I check voice mail at night","Neutral"
"The replacement died in a few weeks.	0","Negative"
"Any ring tone..Overall good phone to buy..	1","Positive"
"Lately they have been extremely nice and helpful on the phone.	1","Very Positive"
"I have had problems wit hit dropping signal and more.	0","Negative"
"Not impressed.	0","Negative"
"Light weight","Neutral"
"You'll love how thin it is.	1","Positive"
"Bad Choice.	0","Negative"
"The pleather case doesn't fit.	0","Negative"
"useless phone","Negative"
"The color is even prettier than I thought it would be","Neutral"
"All in all I think it was a good investment.	1","Positive"
"It makes very strange ticking noises before it ends the call.	0","Very Negative"
"The best electronics of the available FM Transmitters.	1","Very Positive"
"Battery lasts only a few hours.	0","Negative"
"great headset","Positive"
"The ""1.2"" mega pixel camera","Neutral"
"I've had this for nearly 2 years and it has worked great for me.	1","Very Positive"
"Good transmit audio.	1","Positive"
"We are sending it back.	0","Neutral"
"I did not bother contacting the company for few dollar product but I learned the lesson that I should not have bought this form online anyway.	0","Positive"
"If you hate earbugs","Negative"
"Great price also!	1","Positive"
"The range is very decent","Very Positive"
"fast service.	1","Positive"
"I would highly recommend this.	1","Positive"
"I would recommend this.	1","Positive"
"I also didn't like the ""on"" button","Negative"
"WORST PHONE EVER.	0","Negative"
"I'm still infatuated with this phone.	1","Positive"
"Freezes frequently4.	0","Negative"
"It's kind of embarrassing to use because of how it looks and mostly it's embarrassing how child-like the company is.	0","Neutral"
"Simple","Neutral"
"All in all","Neutral"
"There's a horrible tick sound in the background on all my calls that I have never experienced before.	0","Negative"
"These are certainly very comfortable and functionality is decent.	1","Very Positive"
"I usually don't like headbands but this one is very lightweight & doesn't mess up my hair.	1","Neutral"
"I'm a bit disappointed.	0","Neutral"
"I have had this phone for over a year now","Neutral"
"I ordered this for sony Ericsson W810i but I think it only worked once (thats when I first used it).	0","Positive"
"The battery is completely useless to me.	0","Negative"
"What a big waste of time.	0","Neutral"
"Don't waste your $$$ on this one.	0","Positive"
"Great sound and service.	1","Positive"
"Really pleased with this product so far.	1","Positive"
"One of my favorite purchases ever.	1","Positive"
"best bluetooth on the market.	1","Positive"
"Authentic leather with nice shine and comfort .I recommend you this case !!	1","Very Positive"
"I was very excited to get this headset because I thought it was really cute.	1","Very Positive"
"Do not make the same mistake as me.	0","Neutral"
"Big Disappointment with calendar sync.	0","Neutral"
"the phone was unusable and was not new.	0","Negative"
"Worst Customer Service Ever.	0","Neutral"
"No additional ear gels provided","Neutral"
"It defeats the purpose of a bluetooth headset.	0","Neutral"
"Worth every penny.	1","Positive"
"Excellent wallet type phone case.	1","Positive"
"Nice headphones for the price and they work great!	1","Very Positive"
"Internet is excrutiatingly slow.	0","Neutral"
"It is very comfortable to wear as well","Very Positive"
"It's fits like a glove and is strong","Positive"
"O my gosh the best phone I have ever had.	1","Positive"
"It's very attractive and appears to be of good quality.	1","Very Positive"
"I love all the features and form factor.	1","Positive"
"This product had a strong rubber/petroleum smell that was unbearable after a while and caused me to return it	0","Negative"
"poor quality and service.	0","Negative"
"The cable looks so thin and flimsy","Negative"
"Great Earpiece.	1","Positive"
"Excellent hands free tool.	1","Very Positive"
"Great for using with your home stereo.	1","Positive"
"Good product - incredible value.	1","Very Positive"
"Only had this a month but it's worked flawlessly so far.	1","Very Positive"
"Works great.	1","Positive"
"Absolutel junk.	0","Neutral"
"THAT one didn't work either.	0","Negative"
"Battery life is real good.	1","Neutral"
"Returned 8 hours later.	0","Neutral"
"It's a great item.	1","Positive"
"Don't waste your money!.	0","Positive"
"Love this headset!	1","Positive"
"Not only will it drain your player","Neutral"
"Worked perfectly!	1","Positive"
"Unreliable - I'm giving up.	0","Neutral"
"I gave it 5 stars because of the sound quality.	1","Neutral"
"Avoid this one if you can.	0","Negative"
"Reversible plug works great.	1","Positive"
"I wasted my little money with this earpiece.	0","Negative"
"Very good phone.	1","Very Positive"
"Best of all is the rotating feature","Very Positive"
"Comfort for our whole family.	1","Positive"
"Good product","Positive"
"I love this bluetooth!	1","Positive"
"First of all","Neutral"
"I am very impressed with this headset from Plantronics.	1","Very Positive"
"I got it because it was so small and adorable.	1","Negative"
"Great phone!.	1","Positive"
"I wouldn't recommend buying this product.	0","Neutral"
"Piece of Junk.	0","Neutral"
"Poorly contstruct hinge.	0","Negative"
"This item is great","Positive"
"Great Phone.	1","Positive"
"Don't buy it.	0","Negative"
"Excellent Phone.	1","Positive"
"DO NOT PURCHASE THIS PHONE.	0","Negative"
"The voice recognition thru the handset is excellent.	1","Neutral"
"This is hands down the best phone I've ever had.	1","Neutral"
"Works great","Very Positive"
"This one works and was priced right.	1","Positive"
"Customer service was terrible.	0","Positive"
"Battery life still not long enough in Motorola Razor V3i.	0","Neutral"
"Sending it back.	0","Neutral"
"Now I know that I made a wise decision.	1","Positive"
"Someone shouldve invented this sooner.	1","Positive"
"Good price.	1","Positive"
"Everything worked on the first try.The device was certainly engineered in a clever way and the construction feels good.	1","Very Positive"
"I received it quickly and it works great!!	1","Very Positive"
"Has been working great.	1","Positive"
"As many people complained","Negative"
"My 5-year old Nokia 2160 from Tracfone holds the charge a lot better than this.	0","Positive"
"They do not care about the consumer one bit.	0","Negative"
"This is a good battery","Neutral"
"The instruction manual is lacking.	0","Positive"
"Also its slim enough to fit into my alarm clock docking station without removing the case.	1","Positive"
"Phone now holds charge like it did when it was new.	1","Positive"
"The battery is unreliable as well as the service use antena.	0","Negative"
"It's uncomfortable and the sound quality is quite poor compared with the phone (Razr) or with my previous wired headset (that plugged into an LG).	0","Very Negative"
"We have gotten a lot of compliments on it.	1","Positive"
"This is definitely a must have if your state does not allow cell phone usage while driving.	1","Negative"
"I want my money back.	0","Very Positive"
"I love this device.	1","Positive"
"I am also very happy with the price.	1","Very Positive"
"I ordered this product first and was unhappy with it immediately.	0","Negative"
"The Ngage is still lacking in earbuds.	0","Negative"
"I was able to do voice dialing in the car with no problem.	1","Neutral"
"I have 2-3 bars on my cell phone when I am home","Neutral"
"good item","Positive"
"However-the riingtones are not the best","Negative"
"The plug did not work very well.	0","Neutral"
"AMAZON SUCKS.	0","Neutral"
"Rip off---- Over charge shipping.	0","Negative"
"VERY comfortable.	1","Positive"
"The battery is working well as a replacement for the original that came with the phone over 2 years ago.	1","Positive"
"The reception is excellent!	1","Neutral"
"It fits comfortably in either ear","Neutral"
"very clear","Very Positive"
"1. long lasting battery (you don't have to recharge it as frequentyly as some of the flip phones)2.	0","Neutral"
"Obviously there is a problem with the adhesive.	0","Negative"
"Very disappointing.	0","Positive"
"It was an inexpensive piece","Positive"
"It is practically useless and did not add any kind of boost to my reception after I bought it.	0","Negative"
"Excellent sound quality.	1","Positive"
"Was not happy.	0","Negative"
"A PIECE OF JUNK THAT BROKE AFTER BEING ON MY PHONE FOR 2 DAYS!!!	0","Very Negative"
"New Battery works great in phone.	1","Very Positive"
"Worst customer service.	0","Neutral"
"I've dropped my phone more times than I can say","Very Negative"
"Reception is terrible and full of static.	0","Neutral"
"Good audio quality.	1","Positive"
"This little device has transformed my organizational capability and made my life a whole lot easier.	1","Neutral"
"I was sitting in my vehicle","Neutral"
"Were JERKS on the phone.	0","Negative"
"Works like a charm.. Works as advertised.	1","Very Positive"
"Comfortable","Positive"
"Their network coverage in Los Angeles is horrible.	0","Neutral"
"Excellent starter wireless headset.	0","Very Positive"
"The loudspeaker option is great","Very Positive"
"The only thing that I think could improve is the sound leaks out from the headset.	0","Neutral"
"First off the reception sucks","Negative"
"The phone gets EXTREMELY HOT!	0","Neutral"
"The microphone also works well","Very Positive"
"Nice design and quality.	1","Positive"
"Also","Neutral"
"It is light","Neutral"
"bad fit","Neutral"
"It definitely was not as good as my S11.	1","Neutral"
"awesome device.	1","Positive"
"Waste of money.	0","Negative"
"I had ordered a motorola data cable","Neutral"
"Love This Phone.	1","Positive"
"I was looking for this headset for a long time and now that I've got it I couldn't be happier.	1","Negative"
"I'll be drivng along","Negative"
"Display is excellent and camera is as good as any from that year.	1","Very Positive"
"Battery life is also great!	1","Negative"
"The worst phone I've ever had.... Only had it for a few months.	0","Negative"
"Not a good item.. It worked for a while then started having problems in my auto reverse tape player.	0","Negative"
"This is so embarassing and also my ears hurt if I try to push the ear plug into my ear.	0","Negative"
"Protects the phone on all sides.	1","Positive"
"This is a VERY average phone with bad battery life that operates on a weak network.	0","Very Negative"
"Clear Skype Calls","Neutral"
"Soyo technology sucks.	0","Positive"
"Great Hands Free Device.	1","Very Positive"
"you can even take self portraits with the outside (exterior) display","Neutral"
"Same problem as others have mentioned.	0","Negative"
"After trying many many handsfree gadgets this is the one that finally works well.	1","Very Positive"
"Magical Help.	1","Positive"
"The worst piece of crap ever along with the Verizon customer service.	0","Negative"
"Poor sound quality.	0","Negative"
"The best phone in market :).	1","Very Positive"
"It worked very well.	1","Very Positive"
"The company shipped my product very promptly and it works well.	1","Very Positive"
"Exactly what I wanted.	1","Neutral"
"The picture resolution is far below what other comparably-priced phones are offering today.	0","Neutral"
"This is a great deal.	1","Positive"
"Excellent product","Positive"
"I highly recommend these and encourage people to give them a try.	1","Very Positive"
"Better than you'd expect.	1","Positive"
"Using all earpieces","Neutral"
"Great product and price.	1","Positive"
"Sounds good reasonably priced and effective","Very Positive"
"Still Waiting...... I'm sure this item would work well.. if I ever recieve it!	0","Very Positive"
"what a disappointment	0","Neutral"
"Very prompt service.	1","Very Positive"
"Excellent product for the price.	1","Positive"
"Very pleased with this headset.	1","Very Positive"
"don't waste your money and time.	0","Positive"
"I especially love the long battery life.	1","Neutral"
"It's so stupid to have to keep buying new chargers","Neutral"
"Works great.	1","Positive"
"Plantronics Bluetooth Excelent Buy.	1","Positive"
"I came over from Verizon because cingulair has nicer cell phones.... the first thing I noticed was the really bad service.	0","Neutral"
"I'll be looking for a new earpiece.	0","Neutral"
"I highly recommend this device to everyone!	1","Positive"
"Jawbone Era is awesome too!	1","Positive"
"We received a WHITE colored battery that goes DEAD after a couple hoursTHe original used to last a week - but still lasts longer than thereplacement	0","Neutral"
"After a year the battery went completely dead on my headset.	0","Negative"
"I have used several phone in two years","Neutral"
"An Awesome New Look For Fall 2000!.	1","Positive"
"This is the first phone I've had that has been so cheaply made.	0","Negative"
"Att is not clear","Negative"
"The plastic breaks really easy on this clip.	0","Neutral"
"Price is good too.	1","Positive"
"Don't make the same mistake I did.	0","Neutral"
"Oh and I forgot to also mention the weird color effect it has on your phone.	0","Negative"
"I'm using it with an iriver SPINN (with case) and it fits fine.	1","Very Negative"
"Also the area where my unit broke).- I'm not too fond of the magnetic strap.	0","Neutral"
"Overall","Neutral"
"every thing on phone work perfectly","Very Positive"
"Another note about this phone's appearance is that it really looks rather bland","Negative"
"IT'S REALLY EASY.	1","Neutral"
"My Sanyo has survived dozens of drops on blacktop without ill effect.	1","Neutral"
"Fantastic earphones.	1","Positive"
"It finds my cell phone right away when I enter the car.	1","Positive"
"Low Quality.	0","Negative"
"I highly recommend this modest priced cellular phone.	1","Very Positive"
"But it does get better reception and clarity than any phone I've had before.	1","Very Positive"
"Warning - Stay away.	0","Negative"
"I wish I could return the unit and get back my money.	0","Positive"
"Awsome Device Works Great!!.	1","Very Positive"
"I used to talk on it for 1 - 1 1/2 hours and the battery would be literally drained and dying.	0","Negative"
"If you don't find it","Negative"
"Very Displeased.	0","Positive"
"I might have gotten a defect","Negative"
"They made this case too small and is very difficult to install.	0","Very Negative"
"Restored my phone to like new performance.	1","Very Positive"
"I would recommend purchasing the Jabra JX-10 series 2 which works flawlessly with my Moto Q","Very Positive"
"I searched the Internet","Neutral"
"Does not fit.	0","Negative"
"Very happy with this product.	1","Very Positive"
"The screen size is big","Positive"
"There's really nothing bad I can say about this headset.	0","Negative"
"i'm glad i found this product on amazon it is hard to find","Positive"
"Portable and it works.	1","Positive"
"My colleague & I now get great reception.A little expensive","Negative"
"I even fully charged it before I went to bed and turned off blue tooth and wi-fi and noticed that it only had 20 % left in the morning.	0","Neutral"
"I've also had problems with the phone reading the memory card in which I always turn it on and then off again.	0","Neutral"
"Not good when wearing a hat or sunglasses.	0","Neutral"
"Timely shipment and quality product.	1","Positive"
"Nice solid keyboard.	1","Very Positive"
"Very well made and fits my Surefire GX2 perfectly.	1","Positive"
"Horrible phone.	0","Negative"
"BT50 battery junk!.	0","Negative"
"We would recommend these to others.	1","Positive"
"Cant get the software to work with my computer.	0","Positive"
"Disappointed!.	0","Neutral"
"poor voice clarity.	0","Negative"
"The battery works great!	1","Neutral"
"No buyers remorse on this one!.	0","Neutral"
"Very disappointed in AccessoryOne.	0","Very Negative"
"I find this inexcusable and so will probably be returning this phone and perhaps changing carriers.	0","Negative"
"Looks great and is strong.""	1","Positive"
"I have had TMobile service for 2 or 3 years now","Neutral"
"The update procedure is difficult and cumbersome.	0","Neutral"
"Disappointment.. I hate anything that goes in my ear.	0","Very Negative"
"Great software for Motorolas.	1","Positive"
"The delivery was on time.	1","Positive"
"Very easy to use.	1","Very Positive"
"Uncomfortable In the Ear","Negative"
"The volume switch rocketed out of the unit to a destination unknown.	0","Positive"
"It holds a charge for a long time","Neutral"
"I'd like to return it.	0","Positive"
"The keyboard is really worthwhile in usefulness and is sturdy enough I don't expect any problems.	1","Positive"
"Verizon's bills","Neutral"
"After charging overnight","Neutral"
"You won't regret it!	1","Negative"
"I love this phone!.	1","Positive"
"A Disappointment.	0","Neutral"
"Its not user friendly.	0","Negative"
"Unfortunately the ability to actually know you are receiving a call is a rather important feature and this phone is pitiful in that respect.	0","Very Positive"
"Then I exchanged for the same phone","Neutral"
"This results in the phone being either stuck at max volume or mute.	0","Neutral"
"This PDA rocks.	1","Neutral"
"It is super charged up for use as a small hybrid palmtop/camera/cellphone","Neutral"
"I would definitely recommend the Jabra BT250v for those who are looking for comfort","Very Positive"
"I had Verizon 2 years ago and really liked their service.	1","Positive"
"Pretty piece of junk.	0","Positive"
"Plug was the wrong size.	0","Negative"
"Works as described.	1","Positive"
"Save your money.... I've had this item for 11 months now.	0","Very Positive"
"Bad Purchase.	0","Negative"
"WELL IM SATISFIED.	1","Positive"
"The bose noise cancelling is amazing","Negative"
"This battery is an excellent bargain!	1","Neutral"
"Defective crap.	0","Negative"
"I would have given no star if I was able.	0","Positive"
"I wear glasses and it fits fine with them.	1","Negative"
"The sound quality for the device is unacceptable.Unless you are in a really quiet area","Neutral"
"I would not recommend this item to anyone.	0","Positive"
"The holster that arrived did not match the photo in the ad.	0","Negative"
"great...no problems at all!.	1","Negative"
"As an earlier review noted","Positive"
"This frog phone charm is adorable and very eye catching.	1","Very Positive"
"You never know if you pushed it hard enough or the right number of times for the function you want or not.	0","Neutral"
"The sound is clear and the people I talk to on it are amazed at the quality too.	1","Very Positive"
"I got the aluminum case for my new Palm VX and it worked really well--it has protected my handheld perfectly so far.	1","Very Positive"
"very good product","Very Positive"
"Mobile Phone Tools are a must have.	1","Neutral"
"I am very impressed with the job that Motorola did on the sturdiness of this phone.	1","Very Positive"
"I received my orders well within the shipping timeframe","Very Positive"
"The phone is sturdy and waterproof.	1","Positive"
"I am not impressed with this and i would not recommend this item to anyone.	0","Negative"
"My only complaint is the standard sound volume is a little low even when turned up to 5(of 5)	0","Very Negative"
"Thanks again to Amazon for having the things I need for a good price!	1","Very Positive"
"I ended up sliding it on the edge of my pants or back pockets instead.	1","Neutral"
"I had to go to a store and bought a new NOKIA phone which is working great.	1","Very Positive"
"Works great!.	1","Positive"
"REALLY UGLY.	0","Neutral"
"horrible","Negative"
"The noise shield is incrediable.	1","Negative"
"No real improvement.	0","Neutral"
"Razr Battery - Good buy.	1","Neutral"
"Keep up the good work Amazon!!	1","Very Positive"
"They refuse to refund or replace.	0","Neutral"
"Unfortunately it's easy to accidentally activate them with the gentle-touch buttons if you accidentally touch the phone to your face while listening.	0","Very Negative"
"So I basically threw my money out the window for nothing.	0","Positive"
"Great case and price!	1","Neutral"
"All it took was one drop from about 6 inches above the kitchen counter and it was cracked.I am not impressed and I am not laughing.	0","Neutral"
"Bluetooth range is good - a few days ago I left my phone in the trunk","Positive"
"Small","Negative"
"The eargels channel the sound directly into your ear and seem to increase the sound volume and clarity.	1","Positive"
"none of the new ones have ever quite worked properly.	0","Neutral"
"I am glad I purchased it.	1","Positive"
"I've missed numerous calls because of this reason.	0","Very Negative"
"Perhaps my phone is defective","Negative"
"Don't buy this product.	0","Negative"
"sucked","Negative"
"No shifting","Neutral"
"Worst software ever used.... If I could give this zero stars I would.	0","Negative"
"Trying to make a call on these is an exercise in frustration.	0","Neutral"
"The case is a flimsy piece of plastic and has no front or side protection whatsoever.	0","Neutral"
"I own a Jabra Earset and was very happy with it","Very Positive"
"I love the camera","Positive"
"Thank you for such great service.	1","Very Positive"
"Its a total package.	1","Neutral"
"The seller is very understanding and patient","Very Positive"
"I give Wirefly 1 star.I will contact Cingular/AT&T; and inform them of this practice.	0","Positive"
"It's AGGRAVATING!	0","Neutral"
"Great product for the price!.	1","Positive"
"I have purchased these for both family and friends","Neutral"
"Virgin Wireless rocks and so does this cheap little phone!	1","Neutral"
"None of it works","Neutral"
"Muddy","Negative"
"Please dont waste your money.	0","Neutral"
"All in all","Neutral"
"If you are looking for a good quality Motorola Headset keep looking","Positive"
"Yet Plantronincs continues to use the same flawed charger design.	0","Neutral"
"Disapointing Results.	0","Negative"
"Cumbersome design.	0","Negative"
"Great it was new packaged nice works good","Very Positive"
"Great Product.	1","Positive"
"It's A PIECE OF CRAP!	0","Neutral"
"My experience was terrible..... This was my fourth bluetooth headset","Negative"
"This fixes all the problems.	1","Neutral"
"Worst ever.	0","Negative"
"I am very happy	1","Positive"
"I've had no trouble accessing the Internet","Negative"
"I can barely ever hear on it and am constantly saying ""what?""	0","Very Positive"
"The battery life is highly unacceptable.	0","Negative"
"That company is a joke.	0","Neutral"
"It does everything the description said it would.	1","Neutral"
"Due to this happening on every call I was forced to stop using this headset.	0","Very Negative"
"It works great with a car charger","Very Positive"
"Verizon tech support walked my through a few procedures","Positive"
"Voice Quality","Neutral"
"It plays louder than any other speaker of this size; the price is so low that most would think the quality is lacking","Very Negative"
"Better than expected.	1","Positive"
"It feels poorly constructed","Negative"
"Battery is holding up well.	1","Negative"
"Also difficult to put on.I'd recommend avoiding this product.	0","Neutral"
"I only used it two days","Neutral"
"I got the car charger and not even after a week the charger was broken...I went to plug it in and it started smoking.	0","Neutral"
"Sprint - terrible customer service.	0","Neutral"
"Linked to my phone without effort.	1","Neutral"
"THey are so cool!	1","Neutral"
"Easy to use.	1","Positive"
"Better Than New.	1","Positive"
"What possesed me to get this junk","Negative"
"Piece of trash.	0","Neutral"
"A pretty good product.	1","Very Positive"
"This is a great phone!.	1","Positive"
"For the price on Amazon","Neutral"
"Their Research and Development division obviously knows what they're doing.	1","Neutral"
"The real killer is the volume","Neutral"
"Those phones are working just fine now.	1","Very Positive"
"I am more than happy with this product.	1","Very Positive"
"Poor Construction.	0","Negative"
"This is infuriating.	0","Neutral"
"Overall","Neutral"
"Sprint charges for this service.	0","Negative"
"It is cheap","Negative"
"It fits my ear well and is comfortable on.	1","Positive"
"It doesn't work in Europe or Asia.	0","Negative"
"clipping this to your belt will deffinitely make you feel like 50 cent's up-and-coming.	1","Neutral"
"I like design and look of Jabra behing the ear headsets and 5020 is pretty comfortible to wear 24 hours a day without pain in the ear.	1","Neutral"
"I was amazed at the quick arrival of the two original lg cell phone batteries and and at a fraction of the price.	1","Very Positive"
"the worst phone from samsung...crap..... this crappy Samsung E715.. is the worst i have ever seeen.	0","Very Negative"
"the charger worked for about a week and then completely stopped charging my phone.	0","Very Positive"
"Poor product.	0","Negative"
"However I needed some better instructions.	0","Positive"
"You need two hands to operate the screen.This software interface is decade old and cannot compete with new software designs.	0","Very Positive"
"Worked very well paired with a Treo 700w and as a Skype headset on my PC (using a USB Bluetooth transceiver).	1","Very Positive"
"Steer clear of this product and go with the genuine Palm replacementr pens","Very Positive"
"DO NOT BUY DO NOT BUYIT SUCKS	0","Neutral"
"This is a great product..... sure beats using your fingers!.	1","Positive"
"Plus","Neutral"
"All the other cases I've tried normally fall apart after a few months but this one seems to be in for the long haul.	1","Negative"
"Very Dissapointing Performance.	0","Positive"
"Don't make the same mistake that I did and please don't buy this phone.	0","Neutral"
"This phone might well be the worst I've ever had in any brand.	0","Neutral"
"Case was more or less an extra that I originally put on but later discarded because it scratched my ear.	0","Very Negative"
"I recommend iGo to anyone with different brand cell phones/mp3 players in the family.	1","Neutral"
"Don't bother - go to the store.	0","Positive"
"I posted more detailed comments under the grey or black phone","Very Negative"
"I did not have any problem with this item and would order it again if needed.	1","Negative"
"You get what you pay for I guess.	0","Neutral"
"Not only did the software do a great job of this","Neutral"
"im surprised this is a good quality car charger and there's not much reviews about it.	1","Neutral"
"These are fabulous!	1","Neutral"
"However","Neutral"
"I used bitpim (a free program you can find on the internet)to transfer data to the phone.The price of the cable was excellent.	1","Positive"
"Disappointing accessory from a good manufacturer.	0","Neutral"
"Performed awful -- muffled","Negative"
"Very wind-resistant.	1","Positive"
"Obviously they have a terrible customer service","Neutral"
"They do not last forever","Neutral"
"I contacted the company and they told me that","Neutral"
"Linksys should have some way to exchange a bad phone for a refurb unit or something!	0","Neutral"
"Phone is sturdy as all nokia bar phones are.	1","Positive"
"Great phone.	1","Positive"
"When I placed my treo into the case","Negative"
"I'm pleased.	1","Neutral"
"Battery is terrible.	0","Negative"
"I found the product to be easy to set up and use.	1","Very Positive"
"The earpiece on this is too large or too heavy...it keeps falling out of my ear.	0","Negative"
"Utter crap.. Sound quality is TERRIBLE.	0","Negative"
"The charger arrived within the promised timeframe","Very Positive"
"No ear loop needed","Neutral"
"Finally","Positive"
"The handsfree part works fine","Very Positive"
"Talk about USELESS customer service.	0","Positive"
"It felt too light and ""tinny."".	0","Neutral"
"This does not fit the Palm Tungsten E2 and it broke the first time I tried to plug it in.	0","Negative"
"I'm happy about this purchase- good quality and low price.	1","Very Positive"
"I love the look and feel of Samsung flipphones.	1","Positive"
"Its well-designed and very sharp -- the blue is a very nice color.	1","Very Positive"
"Does everything it should and more.	1","Neutral"
"I could not recommend these more.	0","Negative"
"Nice Sound.	1","Positive"
"Looks good in the picture","Positive"
"Much less than the jawbone I was going to replace it with.	1","Negative"
"Setup went very smoothly.	1","Positive"
"its extremely slow and takes forever to do anything with it.	0","Negative"
"A must study for anyone interested in the ""worst sins"" of industrial design.	0","Positive"
"The first thing that happened was that the tracking was off.	0","Neutral"
"It is well made","Positive"
"Then I had to continue pairing it periodically since it somehow kept dropping.	0","Positive"
"Can't upload ringtones from a third party.	0","Neutral"
"Bluetooth does not work","Negative"
"Truly awful.	0","Neutral"
"It works fine on my Motorola 325 cellphone","Very Positive"
"The volume for the ringer is REAL good (you have choices how loud).	1","Positive"
"And none of the tones is acceptable.	0","Neutral"
"camera color balance is AWFUL.	0","Positive"
"This product is clearly not ready for prime time","Neutral"
"I love the ringtones because they are so upbeat!	1","Positive"
"Chinese Forgeries Abound!.	0","Neutral"
"Easy to pair with my Samsung Cell.	1","Positive"
"The instructions didn't explain that a microphone jack could be used.	0","Negative"
"i would advise to not purchase this item it never worked very well.	0","Positive"
"Too bad you have to pay up to $$$ a month for the service!	0","Negative"
"Works well.	1","Positive"
"The nokia CA-42 USB cable did not work with my phone.	0","Negative"
"Clear crisp sound.	1","Positive"
"I have to use the smallest earpieces provided","Neutral"
"The biggest complaint I have is","Negative"
"The design might be ergonomic in theory but I could not stand having these in my ear.	0","Negative"
"Do NOT buy if you want to use the holster.	0","Negative"
"The phone can also take great pictures and even video clips.	1","Positive"
"It doesn't make you look cool.	0","Negative"
"Because both ears are occupied","Neutral"
"Comfortable fit - you need your headset to be comfortable for at least an hour at a time","Very Positive"
"Also","Neutral"
"You can't beat the price on these.	1","Negative"
"* Comes with a strong light that you can use to light up your camera shots","Positive"
"lightweight and works well.	1","Positive"
"So just beware.	0","Neutral"
"I love this cable - it allows me to connect any mini-USB device to my PC.	1","Positive"
"So anyone near you will hear part of your conversation.	0","Neutral"
"This is cool because most cases are just open there allowing the screen to get all scratched up.	1","Positive"
"I bought this phone as a replacement for my StarTac and have regretted it since.	0","Negative"
"Appears to actually outperform the original battery from China that came with my V325i.	1","Negative"
"Can't store anything but phone numbers to SIM.	0","Positive"
"It lasts less than 3o minutes","Negative"
"Poor quality.	0","Negative"
"jabra ear gels ""R"" the best!.	1","Neutral"
"Not worth it.	0","Negative"
"The phone crashed completely and now I have to get it replaced.	0","Neutral"
"It quit working after I'd used it for about 18 months","Neutral"
"Unfortunately it will not recharge my iPhone 4s","Negative"
"It was a great phone.	1","Positive"
"if you simply want a small flip phone -- look elsewhere as the extra bells & whistles are mediocre.	0","Positive"
"Good value","Positive"
"My phone doesn't slide around my car now and the grip prevents my phone from slipping out of my hand.	1","Negative"
"This is simply the BEST bluetooth headset for sound quality!	1","Positive"
"Think it over when you plan to own this one!This sure is the last MOTO phone for me!	0","Neutral"
"In the span of an hour","Neutral"
"I have always used corded headsets and the freedom from the wireless is very helpful.	1","Very Positive"
"This case has passed the one year mark and while it shows signs of wear","Very Negative"
"Other than that","Neutral"
"It has everything I need and I couldn't ask for more.	1","Neutral"
"After receiving and using the product for just 2 days it broke.	0","Positive"
"This product is great... it makes working a lot easier I can go to the copier while waiting on hold for something.	1","Very Positive"
"None of the three sizes they sent with the headset would stay in my ears.	0","Neutral"
"T-Mobile has the best customer service anywhere.	1","Very Positive"
"Arrived quickly and much less expensive than others being sold.	1","Very Negative"
"We have tried 2 units and they both failed within 2 months.. Pros	0","Negative"
"Provides good protection and looks classy","Very Positive"
"Krussel Always good.	1","Neutral"
"The tracfonewebsite is user friendly and makes it easy toactivate","Very Positive"
"The design is very good.4.	1","Positive"
"I great reception all the time.	1","Positive"
"I would highly recommend this product.	1","Positive"
"Couldn't use the unit with sunglasses","Neutral"
"It dit not work most of the time with my Nokia 5320.	0","Neutral"
"Bought mainly for the charger","Positive"
"If you like a loud buzzing to override all your conversations","Negative"
"Fantastic buy and will get again for whatever my next phone is	1","Positive"
"stay away from this store","Positive"
"This BlueAnt Supertooth hands-free phone speaker is AWESOME.	1","Neutral"
"Does not fit.	0","Negative"
".... Item arrived quickly and works great with my Metro PCS Samsung SCH-r450 slider phone and Sony Premium Sound in ear plugs.	1","Very Positive"
"It is light","Neutral"
"disappointing.	0","Neutral"
"Blue Ant is easy to use.	1","Positive"
"Cheap but hey it works.. Was pleasantly suprised given the low cost of this item.	1","Neutral"
"The camera on the phone may be used as a dustpan when indoors... I'd rather be using a disposable then this.	0","Negative"
"Then a few days later the a puff of smoke came out of the phone while in use.	0","Negative"
"It's very convenient and simple to use - gets job done & makes the car ride so much smoother.	1","Very Positive"
"The nano stated it.My son was dissapointed.	0","Neutral"
"The sound quality is excellent as well.	1","Positive"
"Its the best headset I have used.	1","Positive"
"Would not reccommend.	0","Negative"
"They have been around for years and carries the highest quality of anti-glare screen protector that I have found to date.	1","Very Positive"
"Just what I wanted.	1","Neutral"
"This particular model would not work with my Motorola Q smartphone.	0","Neutral"
"wont work right or atleast for me.	0","Very Positive"
"in addition it feels &amp; looks as if the phone is all lightweight cheap plastic.	0","Negative"
"But now that it is ""out of warranty"" the same problems reoccure.Bottom line... put your money somewhere else... Cingular will not support it.	0","Neutral"
"I really wanted the Plantronics 510 to be the right one","Positive"
"Great product.	1","Positive"
"Crisp and Clear.	1","Neutral"
"AFter the first charge kept going dead after 12 minutes.	0","Negative"
"VERY cheap plastic","Very Negative"
"I get absolutely horrible reception in my apartment","Negative"
"The reception has been generally good.	1","Neutral"
"Excellent sound","Positive"
"Great bluetooth!.	1","Positive"
"I highly recommend this case.	1","Positive"
"WORTHWHILE.	1","Neutral"
"This is a great deal.	1","Positive"
"After my phone got to be about a year old","Neutral"
"I am sorry I made this purchase.	0","Negative"
"I bought these hoping I could make my Bluetooth headset fit better but these things made it impossible to wear.	0","Very Positive"
"Treo and T-Mobile refused to replace it again and forced me to buy another phone without any kind of upgrade discount.	0","Negative"
"It was horrible!.	0","Neutral"
"I don't think it would hold it too securly on your belt.	0","Neutral"
"This allows the possibility of double booking for the same date and time after the first.	0","Neutral"
"They work about 2 weeks then break.	0","Positive"
"It is simple to use and I like it.	1","Positive"
"It's a great tool for entertainment","Very Positive"
"I can't use this case because the smell is disgusting.	0","Negative"
"NOT WHAT I WANTED.	0","Negative"
"I own 2 of these cases and would order another.	1","Neutral"
"Great Phone.	1","Positive"
"I bought this battery with a coupon from Amazon and I'm very happy with my purchase.	1","Positive"
"The internet access was fine","Positive"
"Perfect for the PS3.	1","Positive"
"Five star Plus","Positive"
"A good quality bargain.. I bought this after I bought a cheapy from Big Lots that sounded awful and people on the other end couldn't hear me.	1","Neutral"
"$50 Down the drain.	0","Negative"
"I tried talking real loud but shouting on the telephone gets old and I was still told it wasn't great.	0","Negative"
"Good","Positive"
"For the price this was a great deal.	1","Positive"
"Great price","Positive"
"If there is a wind","Neutral"
"Yes it's shiny on front side - and I love it!	1","Very Positive"
"Does Not Work.	0","Negative"
"At first I thought I was grtting a good deal at $7.44","Very Positive"
"The reception through this headset is excellent.	1","Neutral"
"2 thumbs up to this seller	1","Neutral"
"I have a Verizon LG phone and they work well together","Very Positive"
"Improper description.... I had to return it.	0","Negative"
"#1 It Works - #2 It is Comfortable.	1","Positive"
"Battery charge-life is quite long.	1","Negative"
"The Jabra EarGels fit my ears very well.	1","Very Positive"
"Battery has no life.	0","Neutral"
"I checked everywhere and there is no feature for it which is really disappointing.	0","Negative"
"Product is exactly as described.	1","Neutral"
"Gets a signal when other Verizon phones won't.	1","Neutral"
"Doesn't do the job.	0","Negative"
"I would recommend it.	1","Positive"
"Plan on ordering from them again and again.	1","Neutral"
"That being said","Neutral"
"I have been very satisfied with this cell phone from day one.	1","Very Positive"
"They keep getting better and better (this is my third one and I've had numerous Palms too).	1","Very Positive"
"Awkward to use and unreliable.	0","Negative"
"The shipping time was also very quick!	1","Positive"
"Not as good as I had hoped.	0","Neutral"
"Good case!.	1","Positive"
"Doesn't Work.	0","Negative"
"Really good product.	1","Positive"
"Unfortunately it did not work.	0","Negative"
"All three broke within two months of use.	0","Negative"
"dont buy it.	0","Neutral"
"My father has the V265","Neutral"
"However","Neutral"
"The calls drop","Very Negative"
"Horrible","Negative"
"I don't like this Nokia either.	0","Negative"
"Reaching for the bottom row is uncomfortable","Very Negative"
"I have bought this Nokia cell phone a few weeks ago and it was a nightmare.	0","Neutral"
"It would take too long to describe how bad my customer service experience has been with Amazon.	0","Neutral"
"the only VERY DISAPPOINTING thing was there was NO SPEAKERPHONE!!!!	0","Neutral"
"Terrible.. My car will not accept this cassette.	0","Positive"
"Product is useless","Negative"
"It's not what it says it is.	0","Negative"
"Stay Away From the Q!.	0","Neutral"
"Used and dirty.	0","Neutral"
"Very unreliable service from T-mobile !	0","Very Negative"
"Not good enough for the price.	0","Negative"
"I bought two of them and neither will charge.	0","Neutral"
"It looks very nice.	1","Positive"
"This is an excellent tool","Positive"
"I have read other's reviews here but I haven't had any problem with it.	1","Negative"
"These products cover up the important light sensor above the ear outlet.	0","Positive"
"Comfortable in my hand.	1","Positive"
"Just does not work.	0","Neutral"
"Poor Reliability.	0","Negative"
"(It works!)	1","Neutral"
"If I take a picture","Neutral"
"Terrible product","Negative"
"Last time buying from you.	0","Neutral"
"It was a waste of my money.	0","Negative"
"So far it has worked like a charm.	1","Very Positive"
"I have only had it for a few weeks","Neutral"
"But","Neutral"
"Would recommend this item.	1","Positive"
"It's been my choice headset for years.Great sound; good volume; good noise cancellation.	1","Very Positive"
"Nice case","Neutral"
"The item received was Counterfeit.	0","Positive"
"Just really good.. So far","Positive"
"Works fine.	1","Positive"
"I received my headset in good time and was happy with it.	1","Very Positive"
"I was very pleased to see that I could replace my well travled swivel holster for my Blackberry flip.	1","Very Positive"
"My sister has one also and she loves it.	1","Positive"
"Good Quality.	1","Positive"
"This is by far the worst purchase I've made on Amazon.	0","Neutral"
"Excellent dual-purpose headset.	1","Positive"
"Excellent!.	1","Neutral"
"Does not work for listening to music with the cingular 8125.	0","Negative"
"It seems completely secure","Very Positive"
"The bottowm line...another worthless","Negative"
"Having trouble with volume.	0","Negative"
"The only good thing was that it fits comfortably on small ears.	1","Neutral"
"WARNING - DO NOT BUY!!.	0","Positive"
"I am pairing this with my iphone","Neutral"
"When it opens","Neutral"
"I didn't want the clip going over the top of my ear","Negative"
"Best headset ever!!!.	1","Positive"
"Don't trust their website and don't expect any helpful support.	0","Negative"
"It was that loud.Glad to say that the Plantronics 510 maintains a flawless connection to my cell and with no static during normal use.	1","Neutral"
"The speaker is of low quality so as making the ring tones sound very cheap.	0","Very Negative"
"Fits comfortably","Neutral"
"Excellent product for the price.	1","Positive"
"Bad Reception.	0","Negative"
"This product is very High quality Chinese CRAP!!!!!!	0","Positive"
"It was quite comfortable in the ear.	1","Positive"
"Great phone.	1","Positive"
"Don't buy this product - It fails!.	0","Negative"
"Everything about this product is wrong.First	0","Neutral"
"The pairing of the two devices was so easy it barely took a couple minutes before I started making calls with the voice dialing feature.	1","Neutral"
"This was utterly confusing at first","Very Negative"
"Terrible phone holder.	0","Negative"
"The cutouts and buttons are placed perfectly.	1","Neutral"
"I love being able to use one headset for both by land-line and cell.	1","Positive"
"Problem is that the ear loops are made of weak material and break easily.	0","Very Negative"
"Not nearly as good looking as the AMAZON picture makes it look.	0","Neutral"
"But despite these few flaws","Negative"
"How stupid is that?	0","Very Positive"
"I can hear while I'm driving in the car","Neutral"
"Seller shipped quickly and much cheaper than the competitors.	1","Positive"
"Good show","Positive"
"So I bought about 10 of these and saved alot of money.	1","Positive"
"It always cuts out and makes a beep beep beep sound then says signal failed.	0","Negative"
"Couldn't figure it out	0","Negative"
"My phone sounded OK ( not great - OK)","Neutral"
"So I had to take the battery out of the phone put it all back together and then restart it.	0","Negative"
"While I managed to bend the leaf spring back in place","Neutral"
"Leopard Print is wonderfully wild!.	1","Positive"
"Works for me.	1","Positive"
"Saggy","Negative"
"much better than the hard plastic cases.	1","Neutral"
"It also had a new problem.	0","Positive"
"Happy so far!.	1","Positive"
"cool phone.	1","Positive"
"Works good.	1","Positive"
"Motorola finally got the voice quality of a bluetooth headset right.	1","Positive"
"It looses connection to the phone even when it is within a couple feet between the two.	0","Negative"
"but it is great","Positive"
"Makes it easier to keep up with my bluetooth when I'm not wearing it.	0","Negative"
"As I said above....PRETTY USELESS!	0","Neutral"
"Never got it!!!!!	0","Negative"
"This pair of headphones is the worst that I have ever had sound-wise.	0","Negative"
"[...] down the drain because of a weak snap!	0","Very Negative"
"Does not charge the Cingular (ATT) 8525 phone.	0","Neutral"
"You get extra minutes so that you can carry out the call and not get cut off.""	1","Negative"
"However","Neutral"
"I kept catching the cable on the seat and I had to pull the phone out to turn it on an off.	0","Positive"
"The headset fulfills my requirements so I am happy with my purchase.	1","Very Positive"
"Logitech Bluetooth Headset is a 10!.	1","Neutral"
"I like the fact that it rests lightly against your ear","Positive"
"A lot of websites have been rating this a very good phone and so do I.	1","Positive"
"I have tried these cables with my computer and my iPod and it works just fine.	1","Positive"
"The mic there is a joke","Neutral"
"I'm returning them.	0","Neutral"
"I does not maintain a connection with the computer while it is on my lap.	0","Negative"
"It is easy to turn on and off when you are in the car and the volume controls are quite accessable.	1","Positive"
"I have had mine for about a year and this Christmas I bought some for the rest of the family.	1","Positive"
"Otherwise","Neutral"
"nice leather.	1","Positive"
"I had to purchase a different case.	0","Neutral"
"It is a joy to use.	1","Positive"
"Very much disappointed with this company.	0","Very Negative"
"Very satisifed with that.	1","Positive"
"It didn't charge for me.	0","Negative"
"This is the phone to get for 2005.... I just bought my S710a and all I can say is WOW!	1","Neutral"
"Buttons are too small.	0","Neutral"
"Just reading on the specs alone makes you say WOW.	1","Neutral"
"Love it.. Great armband.	1","Very Positive"
"I really like this product over the Motorola because it is allot clearer on the ear piece and the mic.	1","Very Positive"
"However","Neutral"
"I exchanged the sony ericson z500a for this and I'm pretty happy with that decision.	1","Very Positive"
"I was very impressed with the price of the cases.	1","Very Positive"
"Also makes it easier to hold on to.	1","Positive"
"I use this product in a motor control center where there is a lot of high voltage humming from the equipment","Neutral"
"It's pretty easy.	1","Positive"
"I cannot make calls at certain places.	0","Neutral"
"however","Neutral"
"Beautiful styling though.	1","Positive"
"This company charge me a restocking fee and still not given me my refund back.	0","Neutral"
"I'm trying to return it for a refund.	0","Neutral"
"I plugged it in only to find out not a darn thing worked.	0","Neutral"
"Excellent product.	1","Positive"
"Earbud piece breaks easily.	0","Negative"
"Lousy product.	0","Negative"
"This phone tries very hard to do everything but fails at it's very ability to be a phone.	0","Very Negative"
"It is the best charger I have seen on the market yet.	1","Very Positive"
"SWEETEST PHONE!!!	1","Neutral"
":-)Oh","Positive"
"It fits so securely that the ear hook does not even need to be used and the sound is better directed through your ear canal.	1","Negative"
"Not enough volume.	0","Neutral"
"Echo Problem....Very unsatisfactory	0","Neutral"
"you could only take 2 videos at a time and the quality was very poor.	0","Positive"
"don't waste your money.	0","Positive"
"I am going to have to be the first to negatively review this product.	0","Neutral"
"Adapter does not provide enough charging current.	0","Neutral"
"There was so much hype over this phone that I assumed it was the best","Neutral"
"You also cannot take pictures with it in the case because the lense is covered.	0","Negative"
"Phone falls out easily.	0","Negative"
"It didn't work","Negative"
"The text messaging feature is really tricky to use.	0","Neutral"
"I'm really disappointed all I have now is a charger that doesn't work.	0","Positive"
"Painful on the ear.	0","Negative"
"Lasted one day and then blew up.	0","Neutral"
"disappointed.	0","Neutral"
"Kind of flops around.	0","Neutral"
"The screen does get smudged easily because it touches your ear and face.	0","Negative"
"What a piece of junk.. I lose more calls on this phone.	0","Very Negative"
"Item Does Not Match Picture.	0","Negative"
"The only thing that disappoint me is the infra red port (irda).	0","Negative"
"You can not answer calls with the unit","Negative"
